amount,transaction_type,location_mismatch,time_of_day,is_fraud
4964.278244632974,online,1,1,1
6903.013563130031,online,1,1,1
13840.207488621865,online,1,1,1
12133.76875066048,online,1,1,1
12720.430702351014,online,1,1,1
9173.944993848332,online,1,0,1
16308.878298261438,online,1,1,1
2269.8405200759717,online,0,1,0
10378.60844435701,online,1,0,1
6402.704013072666,online,1,1,1
9887.052020833351,online,1,1,1
1991.5237468958917,online,0,0,0
14255.553237525311,online,0,0,1
1361.3132470640387,online,0,0,0
10351.704273188534,online,1,1,1
1981.0318188773629,online,0,0,0
16558.35163378348,online,1,1,1
11792.990701102975,online,1,1,1
1446.4906727196342,online,0,0,0
2424.998278502021,online,0,0,0
11951.415726493284,online,1,1,1
6107.660375272991,online,1,1,1
2368.648957685808,online,0,0,0
1583.2746583028002,online,0,0,0
298.51395821757296,online,0,1,0
4412.9905111917915,online,1,1,1
9892.952488109573,online,0,1,1
1951.8901091854834,online,0,0,0
18950.97642888823,online,1,1,1
8557.966431390765,online,1,1,1
19495.820441510143,online,0,0,1
670.3538955274963,online,0,0,0
2283.9689758656136,online,0,0,0
19409.841785426783,online,1,1,1
2288.0123316489166,online,0,0,0
111.53010247136216,online,0,0,0
8850.053695125258,online,0,1,1
302.64035447499117,online,0,0,0
14503.657717304042,online,1,1,1
16394.140490204605,online,1,1,1
8035.856322773785,online,0,1,1
221.24590807212786,online,0,1,0
10423.909053780611,online,0,1,1
5574.330395414358,online,1,1,1
2439.8716778617113,online,0,0,0
1031.853478358718,online,0,0,0
1390.3415907533877,online,0,0,0
6977.622685540437,online,1,1,1
5942.159030758862,online,1,1,1
18832.552716740905,online,1,1,1
1442.9307029109386,online,0,0,0
16879.823994892315,online,1,1,1
203.55924604281225,online,0,0,0
9654.74206884349,online,0,1,1
2414.423762355653,online,0,0,0
4121.005999650274,online,1,1,1
8148.74814185238,online,0,1,1
9686.15309897183,online,1,1,1
15553.135011243792,online,1,1,1
17159.689018149773,online,1,1,1
352.4271509235232,online,0,0,0
15737.830088982433,online,0,1,1
17436.836570169875,online,1,1,1
4378.217376741382,online,1,1,1
360.901320187159,online,0,0,0
1626.5336522689984,online,0,0,0
2147.4477520890996,online,0,0,0
19288.379135278956,online,1,1,1
2220.3834150681664,online,0,1,0
6400.7786351037485,online,1,1,1
6432.39765005837,online,1,1,1
14253.2210350433,online,1,1,1
1568.3911901284487,online,0,0,0
601.7174845410751,online,0,0,0
125.66152767279434,online,0,0,0
7132.4477709367375,online,1,1,1
566.753637913437,online,0,0,0
709.5983420846535,online,0,0,0
942.7854104199133,online,0,1,0
2027.1823527511601,online,0,0,0
36.985752185942914,online,0,0,0
617.5342120139181,online,0,0,0
9561.144387823713,online,0,1,1
12195.550733002792,online,1,1,1
13807.033319912409,online,1,1,1
2058.275396042549,online,0,0,0
1572.619619409318,online,0,0,0
737.4401748526932,online,0,1,0
366.04928831156127,online,0,0,0
8317.13152205143,online,1,1,1
922.2409898012924,online,0,1,0
7069.8771954998865,online,1,1,1
7789.928943591713,online,1,1,1
808.7423617796222,online,0,0,0
942.6048959299326,online,0,0,0
1377.5743951182399,online,0,0,0
18764.11504821431,online,1,1,1
1867.651749370904,online,0,0,0
8852.402361081527,online,0,1,1
931.6951636360566,online,0,0,0
13913.407278365274,online,1,0,1
741.0436922185885,online,0,0,0
1576.067688481911,online,0,1,0
1241.1065587094279,online,0,0,0
11736.730347518795,online,1,1,1
14302.46805665809,online,1,1,1
6054.308631266003,online,1,1,1
212.55846379833042,online,0,0,0
784.3459810719988,online,0,1,0
2011.143471478795,online,0,0,0
8744.569300602485,online,1,1,1
99.4962617538878,online,0,0,0
7113.960189132241,online,0,1,1
16590.454180084722,online,1,1,1
12098.269805443906,online,0,0,1
18185.667443847466,online,1,1,1
10919.96605328211,online,0,1,1
4924.488975941867,online,1,1,1
684.3723056425648,online,0,0,0
799.1357928391313,online,0,0,0
1710.6868658067285,online,0,0,0
18991.325168497002,online,1,1,1
19285.354984062855,online,1,1,1
1653.3602746251058,online,0,1,0
7214.939018544904,online,1,0,1
194.371182817885,online,0,0,0
10447.682860242583,online,1,0,1
10913.230127107136,online,0,1,1
19222.453475306513,online,1,1,1
1584.441518178013,online,1,0,0
9625.96299583415,online,1,1,1
18702.82453823287,online,1,1,1
2349.352364494831,online,0,1,0
6688.227323917815,online,1,1,1
261.7954635457477,online,0,0,0
9595.251675933592,online,1,1,1
6043.415738163757,online,1,1,1
2432.7962813335894,online,0,0,0
563.0484480721183,online,0,0,0
14178.837835331724,online,1,1,1
10089.972695625282,online,1,1,1
1533.184658123537,online,0,0,0
12305.308562179489,online,1,1,1
1906.4328421685068,online,0,0,0
15724.82471626001,online,1,1,1
17240.60632906999,online,1,1,1
5294.708528820035,online,1,1,1
9328.030608931167,online,1,1,1
1176.9649985653743,online,0,0,0
573.9744802428655,online,0,0,0
2351.7418750387565,online,0,0,0
8396.896568770178,online,1,0,1
4930.620728087612,online,1,0,1
18889.52343430266,online,0,1,1
6963.129085879487,online,1,1,1
936.3250336240301,online,0,0,0
7336.168229717373,online,1,1,1
12996.749054046557,online,1,1,1
16805.704125157783,online,1,1,1
18710.271571430676,online,1,1,1
1808.9057670011482,online,0,0,0
6120.394763869575,online,1,1,1
434.6050679813559,online,1,0,0
17622.799323921532,online,1,1,1
4564.981679043825,online,1,1,1
237.10319659123903,online,0,0,0
15458.410787571098,online,1,1,1
2409.4137429522398,online,0,1,0
19947.14966164763,online,1,1,1
2169.0100732644582,online,0,0,0
5270.709903823786,online,1,1,1
10389.05465294893,online,0,1,1
17217.082084040456,online,1,1,1
2219.159729015053,online,0,1,0
18081.26540098333,online,0,1,1
2243.804547281917,online,0,1,0
1506.77637924059,online,0,0,0
630.7376505806986,online,0,0,0
10779.812058380205,online,1,1,1
11368.63195638624,online,0,0,1
719.2528309998944,online,0,0,0
19973.560182287194,online,1,1,1
1463.3037185086714,online,0,0,0
4578.566088396194,online,1,1,1
51.30369403036182,online,0,1,0
73.29362559279701,online,0,0,0
606.5091077607614,online,0,0,0
2226.1133011257402,online,0,0,0
474.43109089563706,online,0,0,0
1773.1007187121534,online,0,0,0
612.2122043421247,online,0,0,0
828.3747179710907,online,0,0,0
12983.75340735238,online,1,1,1
15122.312864761501,online,0,0,1
1879.6689588008285,online,0,0,0
1522.7866812345815,online,0,0,0
1281.7607834181388,online,0,0,0
1976.149175558439,online,0,0,0
17007.771819457495,online,0,0,1
9352.180619870915,online,1,1,1
8240.742853200063,online,1,1,1
18047.589127121115,online,0,1,1
1323.9757616248867,online,0,0,0
1078.1951281637957,online,0,0,0
4149.305917233492,online,1,1,1
1500.6596256506211,online,0,0,0
8888.388970528376,online,1,1,1
4981.594033770691,online,1,1,1
88.25867235996829,online,0,0,0
2022.9093968099883,online,0,0,0
1481.1748188168367,online,0,0,0
2351.173301148144,online,0,0,0
10311.620457120565,online,1,1,1
18147.303413574526,online,1,1,1
301.4968709047386,online,0,0,0
16640.48698091298,online,1,1,1
451.00559172355185,online,0,0,0
820.0725236005283,online,0,0,0
988.8133344202334,online,0,0,0
16177.944592690528,online,1,0,1
1295.5878672699764,online,0,0,0
17453.945270814762,online,0,1,1
2244.0672373037837,online,0,0,0
1188.9447092436085,online,0,0,0
1090.2906066025528,online,0,0,0
17544.229419044448,online,1,1,1
5356.672256732852,online,0,1,1
979.1121800480662,online,0,0,0
1429.4523135225188,online,0,0,0
504.8020470200893,online,0,0,0
17973.166653772925,online,1,1,1
17470.937068668936,online,1,1,1
768.488285241693,online,0,0,0
5569.321292547913,online,1,1,1
6359.240427300543,online,0,1,1
2231.195922391012,online,0,1,0
462.7441683456805,online,0,0,0
12041.057223415079,online,1,1,1
1823.2587080435303,online,0,0,0
1468.5811973709235,online,0,0,0
600.7502278670322,online,0,0,0
1594.6619240468133,online,0,1,0
13625.789122341299,online,1,1,1
547.3943584671395,online,0,0,0
2372.7249877607996,online,0,0,0
497.99732742367155,online,0,0,0
6561.146159273168,online,1,0,1
18307.053994625894,online,1,1,1
7159.527837758997,online,1,1,1
15931.740523699715,online,1,1,1
17472.53271002274,online,1,1,1
70.54675641432006,online,0,0,0
5546.823194347514,online,1,1,1
1683.6175130406375,online,0,0,0
245.1629722822617,online,0,0,0
1242.9905061770628,online,0,0,0
2140.096854187408,online,0,0,0
358.8091979389448,online,0,0,0
1989.0801458187045,online,0,0,0
1927.283947215541,online,0,0,0
1929.7082780868568,online,0,0,0
9884.149614036633,online,0,1,1
2232.4719062400445,online,0,0,0
243.25017189195026,online,0,0,0
11351.148294495786,online,0,0,1
16540.668551766357,online,1,0,1
13445.563047340367,online,1,1,1
11943.378437684796,online,1,1,1
13713.504577420492,online,1,1,1
2239.852838955539,online,0,0,0
11805.6647028218,online,1,1,1
13076.995514062457,online,1,1,1
859.2552141151436,online,0,1,0
707.0354033953977,online,0,0,0
1236.6365096842392,online,0,1,0
5402.283948221417,online,0,1,1
11032.187018126562,online,1,1,1
150.195156447775,online,0,0,0
7711.153537855607,online,0,1,1
7649.27635118292,online,1,0,1
5232.932466149298,online,0,0,1
814.1616176237025,online,0,0,0
1650.147142731173,online,0,0,0
123.1614870502301,online,0,0,0
11384.91959071664,online,1,1,1
703.8296959491624,online,0,0,0
633.1048164298423,online,0,0,0
1965.0881438686038,online,0,0,0
14498.589402897143,online,1,1,1
2082.78217559305,online,0,1,0
10381.164494350407,online,1,1,1
1185.8151636532536,online,0,0,0
2194.5749899186426,online,0,1,0
1885.9116812947645,online,0,0,0
1049.3533978404596,online,0,0,0
1054.8041554451968,online,0,0,0
17471.976846240985,online,1,0,1
13149.956339634984,online,1,1,1
12573.2429515693,online,0,1,1
18321.88385130458,online,1,1,1
299.02087486222143,online,0,1,0
4335.119376494605,online,1,1,1
16394.456498898908,online,1,1,1
18273.35502304375,online,1,1,1
411.441005262471,online,0,0,0
636.9379166051567,online,0,0,0
14271.544007092256,online,1,1,1
22.603343777084532,online,0,0,0
14403.217478370454,online,1,1,1
15074.58146710611,online,0,1,1
2257.356737632121,online,0,0,0
10254.495934488234,online,0,1,1
19860.095899235013,online,1,1,1
251.96946948921365,online,0,0,0
9046.510331968204,online,1,1,1
4051.492217668459,online,0,1,1
16617.839434758505,online,1,1,1
308.4647646608702,online,0,0,0
8980.923186496058,online,0,1,1
1770.0747861805667,online,0,1,0
15647.028911580242,online,1,0,1
721.4230948418332,online,0,1,0
1498.770947239602,online,0,1,0
2464.269630735396,online,0,0,0
1328.8299401064562,online,0,0,0
1361.1851404218658,online,0,0,0
14581.92977712663,online,0,1,1
538.7243855889076,online,0,0,0
943.4277430140231,online,0,0,0
19304.022372791682,online,1,1,1
16842.292956731366,online,1,1,1
2321.513220843436,online,0,0,0
5893.379054774197,online,1,1,1
1759.185369127902,online,0,0,0
138.18209061247347,online,0,0,0
2424.2657231337507,online,0,0,0
17055.151023497878,online,1,1,1
241.82589183668904,online,0,0,0
5037.657511727493,online,1,1,1
1109.4109484197088,online,0,0,0
5622.733255187464,online,0,1,1
1554.1301685258265,online,0,0,0
8157.0113399205475,online,1,1,1
441.2726560759378,online,0,0,0
4387.068222261684,online,1,1,1
12432.663422586425,online,1,0,1
15481.56425053082,online,1,1,1
11270.037352959374,online,1,1,1
12527.324584821365,online,0,1,1
7264.570154062381,online,0,1,1
15797.713238204795,online,1,1,1
8685.152587215436,online,0,0,1
14823.486995621795,online,1,1,1
19917.861074716275,online,1,1,1
9954.672381400214,online,1,1,1
12747.15860342512,online,1,1,1
18998.209063953902,online,0,1,1
2482.4823423370576,online,0,0,0
577.5585547294348,online,0,0,0
16492.185377095037,online,0,1,1
18929.81330149692,online,0,1,1
8369.132959564999,online,1,1,1
8874.866225568652,online,1,1,1
14511.282500274232,online,1,1,1
14897.885663439725,online,0,1,1
1943.2682722475722,online,0,0,0
2056.431547632987,online,0,0,0
2312.4871095136214,online,0,0,0
16238.132184674052,online,1,1,1
2022.2197451153982,online,0,0,0
2266.8224188858926,online,0,0,0
819.7064718466002,online,0,0,0
804.2493194314657,online,0,0,0
15010.155297384674,online,1,0,1
10111.034234446335,online,1,1,1
85.94562234823307,online,0,0,0
305.8566115074991,online,0,0,0
12792.47257432027,online,1,1,1
2129.3303120769738,online,0,0,0
1248.1487796720398,online,0,0,0
1262.8092838644184,online,0,0,0
740.0948215281807,online,0,0,0
1591.383190660433,online,0,0,0
2354.2473738535477,online,0,0,0
1066.312803024971,online,0,0,0
307.78967238637125,online,0,1,0
1169.3390651498257,online,0,0,0
14186.714914675316,online,1,1,1
19453.15457845152,online,1,1,1
1258.775573771127,online,0,0,0
507.18771757431574,online,0,0,0
237.30382519747255,online,0,0,0
13279.740598850101,online,1,1,1
5950.177493391161,online,1,1,1
10626.076040462833,online,1,0,1
292.5490678890668,online,0,0,0
4614.8215833972,online,1,0,1
1300.6408343857045,online,0,0,0
16423.159143995596,online,0,1,1
15623.387441808078,online,1,1,1
1930.463163248005,online,0,0,0
2253.8834461225624,online,0,0,0
432.0369392483703,online,0,0,0
17963.68400775363,online,0,1,1
4307.0764291689065,online,0,1,1
5066.432648971039,online,1,1,1
2305.4668452075607,online,0,0,0
820.2452484165766,online,0,0,0
13843.511011696175,online,1,1,1
4671.21957490618,online,1,1,1
19941.349402035958,online,1,1,1
1333.0730326046885,online,0,1,0
1352.9621823699704,online,0,0,0
1742.975773173308,online,0,0,0
398.48641470166694,online,0,0,0
17781.919941814976,online,1,1,1
1587.4889797946278,online,0,0,0
18834.845111671242,online,1,1,1
2465.1426489189485,online,0,0,0
304.23042077792405,online,0,0,0
2467.348472135288,online,0,0,0
15729.140736474797,online,1,1,1
13982.333380666216,online,0,1,1
234.82152743547667,online,0,0,0
2341.0253876603447,online,0,0,0
11695.56623817798,online,1,1,1
1290.4437516498929,online,0,0,0
18428.191874166776,online,1,1,1
17200.790562880993,online,1,1,1
1906.1614729765058,online,0,0,0
76.01316324863832,online,0,1,0
253.60706002099369,online,0,0,0
4690.779772752187,online,0,1,1
13763.60239164226,online,1,1,1
6135.679558655101,online,1,1,1
451.8244640115098,online,0,0,0
117.46818075693452,online,0,0,0
191.17988584684187,online,0,0,0
2040.498956852537,online,0,0,0
1628.4101876366353,online,0,1,0
12276.30490306575,online,1,1,1
1609.6240027337258,online,0,0,0
805.090957600133,online,0,0,0
1144.5853144364253,online,0,0,0
201.67997547369455,online,0,0,0
67.9471199822064,online,0,0,0
806.9235065662233,online,0,0,0
612.717626063636,online,0,0,0
1285.1117151652097,online,0,0,0
8989.058129364154,online,1,1,1
12564.962103241467,online,0,1,1
1389.0971681592887,online,0,0,0
5690.634948187902,online,1,1,1
12484.834131986532,online,1,1,1
19906.22977953868,online,1,1,1
7739.393310566928,online,1,1,1
906.8746971140446,online,0,0,0
889.8470477848715,online,0,0,0
16488.408243901788,online,1,0,1
7443.2299522758,online,1,1,1
925.6123496179895,online,0,1,0
18179.132487441195,online,1,1,1
101.84849891278667,online,0,0,0
1757.8975243716814,online,0,0,0
11666.910042075695,online,1,1,1
260.93722342979237,online,0,1,0
2327.585740752876,online,0,0,0
972.9710122883381,online,0,0,0
2377.2786229606913,online,0,0,0
13411.236271174248,online,0,1,1
2159.127530430228,online,0,0,0
5531.432888322588,online,1,1,1
19804.568323438198,online,1,1,1
858.6008152300144,online,0,0,0
222.5151878344823,online,0,0,0
1760.5172076489928,online,0,0,0
9230.905861409265,online,1,1,1
1425.0884223053242,online,0,0,0
1407.5802219480456,online,0,0,0
2010.667516658273,online,0,0,0
10014.212562332308,online,1,1,1
13630.105434181154,online,0,1,1
19406.830003801275,online,1,0,1
4912.8755384200695,online,1,1,1
6382.208805319115,online,1,1,1
1276.34102100011,online,0,1,0
2166.7786029795884,online,0,0,0
466.67722953505023,online,0,1,0
11972.090916215258,online,1,1,1
1745.5691950782173,online,0,0,0
13609.509333769876,online,1,1,1
11701.506426165179,online,1,1,1
16175.852160449502,online,1,0,1
1897.036815056279,online,0,0,0
17079.195335859065,online,1,1,1
10469.100289668673,online,1,1,1
2408.424123207122,online,0,0,0
14564.84351522141,online,1,1,1
16098.613262323937,online,0,1,1
5755.779178840056,online,1,1,1
13775.695821615867,online,1,1,1
1543.466744150019,online,0,0,0
898.3157834670372,online,0,0,0
9880.550756664503,online,0,1,1
7008.395753846658,online,0,1,1
6804.847077722554,online,1,1,1
9347.813099136973,online,1,1,1
1888.811756470859,online,0,0,0
9762.182519544305,online,1,0,1
2466.732550467927,online,0,0,0
13385.735410807585,online,1,1,1
19613.98007856086,online,1,1,1
2124.566292130503,online,0,0,0
2194.658949100609,online,0,0,0
10817.334142245943,online,1,1,1
2274.2078011761673,online,0,0,0
1376.3471355227994,online,0,0,0
16164.63716995416,online,1,1,1
185.71618102707032,online,0,0,0
5289.624220113994,online,1,1,1
11773.948146981209,online,1,1,1
14883.644467333654,online,1,1,1
14277.208414483639,online,1,1,1
2264.323098470599,online,0,1,0
5665.7543901466615,online,1,1,1
2133.993544113727,online,0,0,0
1608.6587989241766,online,0,0,0
814.7753007316805,online,0,0,0
5314.746679622837,online,1,1,1
1304.969372732749,online,0,0,0
9194.81483024096,online,1,1,1
9679.940893310997,online,1,1,1
1742.4142355716967,online,0,0,0
11330.990187806283,online,1,1,1
122.80698433239085,online,1,0,0
5616.732976170347,online,1,1,1
685.6590891170008,online,0,1,0
12639.314084488953,online,1,1,1
12335.327636352675,online,1,1,1
1239.551034947333,online,0,0,0
2423.5633136915562,online,0,0,0
2241.2673368094984,online,0,1,0
16307.570365410138,online,1,0,1
6838.86031151531,online,1,1,1
1105.9797094116072,online,0,0,0
14638.587591795489,online,1,0,1
15120.563661736851,online,1,1,1
1653.891468027151,online,0,0,0
1647.456101827855,online,0,1,0
13765.340532974695,online,1,1,1
7392.717438531627,online,1,1,1
45.83978668809211,online,0,0,0
11177.770095272681,online,1,1,1
1371.3085955647664,online,0,0,0
2179.936869567417,online,0,0,0
6091.366027843192,online,1,1,1
102.9969899855439,online,0,0,0
12150.754050396636,online,1,0,1
15129.89034394891,online,0,1,1
8361.98401173654,online,1,0,1
1586.4226286104372,online,0,0,0
5081.801017475438,online,1,0,1
2194.905313682362,online,0,0,0
219.42594722634362,online,0,0,0
1261.5663618319284,online,0,0,0
230.34633010927953,online,0,0,0
5710.030769515901,online,1,1,1
17023.5243120963,online,1,1,1
883.7783812546759,online,0,0,0
1190.6928344274397,online,0,0,0
15655.850834585812,online,0,1,1
2218.845196420142,online,0,0,0
1368.585805396678,online,0,0,0
14414.037904755107,online,1,0,1
17888.907041719205,online,0,1,1
111.41471777423564,online,0,0,0
10083.129900573713,online,1,1,1
5944.022020814689,online,1,1,1
15461.174209002917,online,1,0,1
19089.213403915324,online,1,1,1
759.1869914437565,online,0,0,0
711.8183891857658,online,0,0,0
18832.015486788725,online,1,1,1
15344.740187558922,online,1,1,1
7826.88166745481,online,0,0,1
11811.85819234845,online,1,1,1
743.1777412532683,online,0,0,0
6898.389592554885,online,0,1,1
1697.1352609872831,online,0,0,0
16848.414365322613,online,1,0,1
5487.850237170114,online,1,1,1
2252.0409623366927,online,0,0,0
792.7463928800535,online,0,0,0
19609.76321375864,online,1,1,1
11727.501953365683,online,0,1,1
6542.530682709657,online,1,1,1
1817.9674209694272,online,0,0,0
10264.41117084527,online,0,1,1
905.1329665371903,online,0,0,0
1932.889475548677,online,0,0,0
13913.42939935745,online,1,1,1
851.6079405603242,online,0,0,0
4193.932394302293,online,1,1,1
1028.292831591532,online,0,0,0
48.48697515687989,online,0,0,0
1549.36297765749,online,1,0,0
14332.973002483297,online,0,1,1
14281.043192563064,online,1,1,1
16894.80640188194,online,1,1,1
1904.3547710560747,online,0,0,0
9251.084057748983,online,0,1,1
16560.26470139291,online,1,1,1
415.70672343275993,online,0,0,0
11030.479835111235,online,0,1,1
7456.610920153594,online,1,1,1
626.8501638578821,online,0,0,0
854.1841797112647,online,0,0,0
10739.968852705151,online,1,1,1
15615.678559764729,online,1,1,1
16229.962595547775,online,1,1,1
1616.4802481195302,online,0,0,0
6165.665316442968,online,1,1,1
13994.61710166822,online,1,0,1
4176.500230858355,online,1,1,1
11948.26974174671,online,1,1,1
13488.709346988546,online,0,1,1
1744.8755417567352,online,0,0,0
13404.309773795172,online,1,1,1
1527.8151916099432,online,0,0,0
19485.760557520487,online,0,1,1
13571.604705019821,online,1,1,1
11155.240648077372,online,1,1,1
16022.00137646473,online,1,1,1
61.25539079654809,online,0,0,0
12402.614138672963,online,1,1,1
1236.3690576089712,online,0,0,0
1587.1753537109544,online,0,0,0
16727.199372635667,online,1,1,1
2436.2430710887547,online,0,0,0
1126.6293497260162,online,0,1,0
496.1550396171308,online,0,0,0
6438.656213286678,online,1,1,1
5090.756950167897,online,1,1,1
10944.309858782004,online,1,1,1
7416.181860970751,online,1,1,1
1316.6435147642721,online,0,0,0
15690.408163827937,online,1,1,1
16084.326727948926,online,1,1,1
1464.9426366885195,online,0,0,0
15770.609827827038,online,1,1,1
8386.570664956893,online,1,1,1
14711.791283171042,online,0,1,1
1076.1785293101127,online,0,0,0
12289.260259821047,online,1,1,1
654.3621541840421,online,0,0,0
19322.004552086084,online,1,1,1
19868.959221589816,online,1,1,1
55.37234587235882,online,0,0,0
10576.455516907276,online,1,1,1
8209.801118573487,online,1,1,1
5370.531993542889,online,1,1,1
1617.2260168088478,online,0,1,0
1449.9175510804732,online,0,0,0
38.27057547087348,online,0,0,0
9795.767066436614,online,0,1,1
40.26464197764269,online,0,0,0
1825.2278484220583,online,0,0,0
2405.8096457016095,online,0,1,0
1826.7193840617795,online,0,0,0
1378.3269169861014,online,0,1,0
1541.3679944809326,online,0,0,0
11205.934980130962,online,1,1,1
18026.41218925121,online,0,0,1
8889.667447843438,online,1,1,1
5140.107644244137,online,0,1,1
16895.88079640253,online,0,0,1
579.7074320741399,online,0,0,0
398.4263556371446,online,0,0,0
9412.280095911974,online,1,0,1
1633.3835361614754,online,0,0,0
17307.152698812373,online,1,1,1
11383.639433995748,online,1,1,1
1611.7876639214594,online,0,0,0
1730.4349678751403,online,0,0,0
4962.277481612564,online,1,1,1
12803.624674500188,online,1,1,1
1879.0307315857372,online,0,1,0
14680.798388663527,online,1,1,1
8105.00453922182,online,0,1,1
1103.038837557034,online,1,0,0
370.7882315071455,online,0,0,0
1940.0807301691752,online,0,0,0
11616.290069900264,online,1,1,1
15672.131658438348,online,1,1,1
1997.75499562727,online,0,0,0
19874.528237173003,online,1,1,1
10616.785624405624,online,1,1,1
205.35638954224223,online,0,0,0
12093.643087229264,online,1,1,1
932.8989461965584,online,0,0,0
8779.609177420369,online,1,1,1
879.5318407855256,online,0,0,0
17451.248448179198,online,1,1,1
13822.937356160988,online,1,1,1
16080.670859940452,online,1,1,1
8514.993195091203,online,1,1,1
1356.1814528091652,online,0,0,0
11443.289796539491,online,1,1,1
286.88173094231684,online,0,0,0
2385.2821567364426,online,0,0,0
1533.513707858725,online,0,0,0
5425.990913856266,online,1,0,1
18849.338245216793,online,0,1,1
253.20356387589584,online,0,0,0
9189.34004984601,online,1,1,1
1840.3268990716756,online,0,0,0
2020.5259863585156,online,0,0,0
1832.6649151103986,online,0,0,0
27.31080502266485,online,0,0,0
262.66414173641994,online,0,0,0
1597.5181036744807,online,0,0,0
15789.979919106914,online,1,1,1
2357.8451627421728,online,0,0,0
1396.4351435212918,online,0,0,0
568.4305805567939,online,0,0,0
1520.008358552379,online,0,0,0
652.2746530107374,online,0,0,0
6162.6606264771635,online,1,1,1
915.4377099244421,online,0,0,0
15489.96921962391,online,0,1,1
8574.508627826563,online,1,1,1
2073.556397788304,online,0,0,0
12626.580426804072,online,1,1,1
1785.9795201852576,online,0,0,0
124.54657863416435,online,0,1,0
17509.713323833857,online,1,0,1
7859.2233215926635,online,1,1,1
968.8933442187939,online,0,0,0
16248.206383857756,online,1,1,1
16570.42588928371,online,1,1,1
16779.427066473196,online,1,1,1
1392.4500208826612,online,0,0,0
801.828652679941,online,0,0,0
1151.0496973238764,online,0,0,0
10601.94945357798,online,1,1,1
2033.8709224711813,online,0,0,0
2044.8832785010275,online,0,0,0
5528.5650213546905,online,1,1,1
16512.449402726175,online,1,1,1
4694.600525677107,online,1,1,1
11043.183967287849,online,1,1,1
5153.349375978774,online,0,1,1
16801.135499186552,online,1,1,1
12924.5346779204,online,0,1,1
2019.0185007754874,online,0,0,0
13726.481484695114,online,0,1,1
6785.749365345349,online,0,1,1
6275.989898995139,online,1,1,1
2226.7568218883816,online,0,0,0
478.4216877121657,online,0,0,0
6797.4180361666,online,1,1,1
6193.755291663985,online,0,1,1
7626.502435631808,online,0,1,1
19329.175681910085,online,1,1,1
17792.23171636196,online,1,0,1
9459.965242018501,online,1,1,1
10851.193838809835,online,1,1,1
399.5282362510043,online,0,0,0
19754.715832392132,online,1,1,1
6049.531941859201,online,1,1,1
1283.2425731637352,online,0,0,0
19879.736034534006,online,0,1,1
14130.422009504358,online,0,0,1
8074.729952736819,online,1,1,1
12675.795287869572,online,1,1,1
4410.273052902971,online,1,1,1
1597.2004547305344,online,0,0,0
12304.956654532325,online,1,1,1
12970.561510658736,online,1,0,1
8916.639438820584,online,1,1,1
10874.509003822961,online,1,0,1
925.7800004709405,online,0,0,0
2406.9945525480334,online,0,0,0
977.8064513268102,online,0,0,0
412.45549809558827,online,0,0,0
1310.3857175364628,online,0,0,0
1560.9972847893107,online,0,0,0
6951.62005013823,online,1,1,1
971.3955681239279,online,0,0,0
11196.554381141159,online,1,1,1
7467.83680145241,online,1,1,1
786.1605794626332,online,0,0,0
1755.4131373332089,online,0,0,0
1312.5136319836706,online,0,0,0
731.4811177552824,online,0,0,0
2271.5820560569678,online,0,0,0
19353.226309136535,online,1,1,1
497.51992562534815,online,0,0,0
1713.7402360152707,online,0,0,0
15119.217422439388,online,1,1,1
700.6791456230204,online,0,0,0
1732.8190422548062,online,0,0,0
1481.323428538722,online,0,0,0
313.87520476349926,online,0,0,0
2113.7395243139417,online,0,0,0
95.6274175768938,online,0,0,0
14549.662755292524,online,0,1,1
18190.79840334831,online,1,1,1
13318.762531315944,online,1,1,1
2038.0265216464502,online,0,0,0
5110.781483937494,online,1,0,1
13977.371008044156,online,1,1,1
2025.3092771414988,online,0,0,0
15022.16483280145,online,1,1,1
2264.4011212839664,online,0,0,0
2046.8567671470078,online,0,0,0
1234.1235290409127,online,0,0,0
13282.757907637317,online,1,1,1
16824.593790127834,online,1,1,1
1684.5709556318257,online,0,0,0
16236.956814447927,online,1,1,1
2238.1201025648456,online,0,0,0
4666.766409638149,online,0,1,1
182.70963917916197,online,0,0,0
12860.83585139802,online,0,1,1
13855.767204162865,online,0,1,1
444.1724082224287,online,1,0,0
2475.2340867596154,online,0,0,0
4193.735603758199,online,1,1,1
14589.427037590058,online,1,1,1
1659.6804880414152,online,0,0,0
709.1231824777309,online,0,0,0
17084.56527771112,online,1,1,1
1883.4125782998233,online,0,1,0
15339.915163887623,online,1,1,1
833.9360818830964,online,0,0,0
1344.0789633461486,online,0,0,0
1301.7886481409816,online,0,0,0
8727.116439638725,online,1,1,1
154.62819429881665,online,0,0,0
2007.4704820775587,online,0,0,0
138.68748570983317,online,0,0,0
946.8863679719802,online,0,1,0
244.0150302037638,online,0,0,0
1145.6142607004194,online,0,1,0
8760.775221101128,online,1,1,1
12640.19063367217,online,1,0,1
12294.528351123265,online,0,1,1
2416.9704994187373,online,0,0,0
6637.037051670994,online,1,1,1
12250.870843143965,online,1,1,1
2091.5905000753924,online,0,0,0
902.5796640752388,online,0,0,0
7290.996195128882,online,1,1,1
1854.513858207969,online,0,0,0
12881.359188836579,online,1,1,1
10989.611241842873,online,1,1,1
709.5269291215781,online,0,0,0
5417.606874873876,online,1,1,1
2377.0117958745145,online,0,0,0
1743.1141937206828,online,0,0,0
12537.640747630056,online,1,1,1
10141.327230928704,online,1,1,1
278.64965321332807,online,0,0,0
941.9342814327396,online,0,0,0
10658.463970876184,online,1,1,1
1847.3633225724636,online,0,0,0
18400.36997436818,online,1,1,1
2142.6597045589224,online,0,0,0
1577.2026089568037,online,0,0,0
23.750071637769974,online,0,0,0
7239.688962643799,online,1,0,1
19050.86792184545,online,1,0,1
19738.862804214616,online,1,1,1
850.6617767950336,online,0,0,0
16988.3166094422,online,0,1,1
15800.13375134411,online,1,1,1
1990.0136249740722,online,0,0,0
1437.8603414269824,online,0,0,0
15969.170870872515,online,1,1,1
2403.364503921546,online,0,0,0
1141.8072512717554,online,0,0,0
13254.190672102546,online,1,1,1
4936.814867903668,online,1,1,1
1891.3223349721911,online,0,0,0
1261.670767839865,online,0,0,0
17107.021750828644,online,0,1,1
735.1605590931243,online,0,0,0
1581.5351787331847,online,0,0,0
1164.6090283005556,online,0,0,0
16707.157300433348,online,1,1,1
1627.5859186275645,online,0,0,0
326.3806765031931,online,0,0,0
1768.5431456196754,online,0,0,0
1228.737373091132,online,0,0,0
357.3397130235842,online,0,0,0
2089.9032140172026,online,0,0,0
6183.03604090773,online,1,1,1
13655.802665543277,online,1,1,1
7754.273309687256,online,1,1,1
4291.721322821786,online,0,1,1
1662.1194050790589,online,0,0,0
9652.022536033026,online,1,1,1
1002.2767886494598,online,0,0,0
1074.5771357127885,online,0,0,0
11001.64998488627,online,1,1,1
712.2660857025531,online,0,0,0
13511.621362978769,online,1,1,1
2247.399929432427,online,0,0,0
13700.04700401564,online,1,1,1
8900.057932585787,online,1,1,1
153.32131244144426,online,0,1,0
2172.8118291917563,online,0,0,0
2228.946353108197,online,0,0,0
1562.0123358006192,online,1,0,0
9537.595624604568,online,1,1,1
10558.478235140612,online,1,1,1
2375.6542979565043,online,0,0,0
2387.6145488513534,online,0,1,0
11228.282859795665,online,1,1,1
18368.48878319979,online,1,1,1
1789.3438475231553,online,0,0,0
767.5631849692489,online,0,0,0
219.5085128376716,online,0,0,0
5861.862366167617,online,1,1,1
17804.753240691658,online,1,1,1
1868.76359874388,online,0,0,0
1037.4180155094518,online,0,0,0
4419.147336513037,online,1,1,1
976.5431162542395,online,0,1,0
11356.806780309122,online,1,1,1
19679.52526974161,online,1,1,1
1762.108069856259,online,0,0,0
15798.940299543769,online,1,1,1
1485.1122764664858,online,0,0,0
2067.879090608277,online,0,0,0
12767.351823579087,online,1,0,1
193.75344619114315,online,0,0,0
5942.182690550503,online,1,1,1
2153.219152308295,online,0,0,0
1268.0784073951643,online,0,0,0
15322.894955854652,online,1,1,1
8108.425083528127,online,1,1,1
1783.3262611553644,online,0,0,0
15078.978421189915,online,1,1,1
2476.3578035816763,online,0,0,0
6341.983874595986,online,1,1,1
168.26029221219886,online,0,0,0
2406.493764405857,online,0,0,0
723.4877177994282,online,0,0,0
1400.4265818421545,online,0,0,0
6776.392239784139,online,1,1,1
17437.780845867528,online,1,0,1
217.9167845796852,online,0,0,0
5586.849593395455,online,1,1,1
1817.629640386896,online,0,1,0
4996.6687700810035,online,1,1,1
1085.5430964188683,online,1,1,0
2376.5245953506314,online,0,0,0
13040.351885744258,online,1,1,1
470.2875942585623,online,0,0,0
441.502856976406,online,0,0,0
171.978466533346,online,1,0,0
122.61594938723978,online,0,0,0
7946.861832345969,online,1,1,1
474.55944662622926,online,0,0,0
195.63110276262935,online,0,0,0
7851.08338932008,online,1,1,1
9687.88816706172,online,1,1,1
13981.749194825168,online,0,1,1
14359.595426473648,online,1,0,1
1311.6047451611653,online,0,0,0
4083.673816686604,online,0,1,1
266.77843340147217,online,0,0,0
2429.737385975192,online,0,0,0
945.2015520734606,online,0,0,0
12867.624226112266,online,1,1,1
896.3719698416413,online,0,0,0
17161.829096218855,online,0,1,1
1073.4983936793783,online,0,0,0
2425.075531883366,online,0,1,0
2324.947154333007,online,0,0,0
284.02929207391514,online,0,0,0
5103.328261702739,online,1,1,1
1462.5882250919274,online,0,0,0
2465.6647537542112,online,0,0,0
410.4120480295716,online,0,1,0
2342.457671954469,online,0,0,0
15589.42107405986,online,1,1,1
14195.223628932486,online,0,1,1
15040.078253130652,online,1,1,1
1945.0958206593175,online,0,0,0
187.25973466597017,online,0,0,0
7529.79124337938,online,1,1,1
32.90065852540782,online,1,0,0
7895.716745220789,online,0,1,1
7593.849789501631,online,1,1,1
19305.833937335326,online,1,1,1
73.1233511044892,online,0,0,0
14180.66166366797,online,1,1,1
